file,begin,end,speaker,overall_log_likelihood,speech_log_likelihood,phone_duration_deviation,snr
my_clip,0.0,4.340136054421769,audio,-42.18611391129032,-45.52067300547724,1.550660870959757,6.666086864566427
